Workbook

Sheet 1.29.수정(별치)
A1: 장 서 현 황
A4: 2026년 1월 29일 현재
A5: 구분 류별 | B5: 종합자료실 | E5: 참 고 실 | H5: 향 토 자 료 | K5: 다문화자료실 | N5: 어린이자료실 | Q5: 합 계
B6: 보유수 | C6: 증감 | D6: 계 | E6: 보유수 | F6: 증감 | G6: 계 | H6: 보유수 | I6: 증감 | J6: 계 | K6: 보유수 | L6: 증감 | M6: 계 | N6: 보유수 | O6: 증감 | P6: 계 | Q6: 보유수 | R6: 증감 | S6: 계
A7: 000 | B7: 2531 | C7: 0 | D7: =B7+C7 -> 2531 | E7: 0 | F7: 0 | G7: =E7+F7 -> 0 | H7: 0 | I7: 0 | J7: =H7+I7 -> 0 | K7: 19 | L7: 0 | M7: =K7+L7 -> 19 | N7: 972 | O7: 0 | P7: =N7+O7 -> 972 | Q7: =B7+E7+H7+K7+N7 -> 3522 | R7: =C7+F7+I7+L7+O7 -> 0 | S7: =Q7+R7 -> 3522
A8: 100 | B8: 5367 | C8: 0 | D8: =B8+C8 -> 5367 | E8: 0 | F8: 0 | G8: =E8+F8 -> 0 | H8: 0 | I8: 0 | J8: =H8+I8 -> 0 | K8: 35 | L8: 0 | M8: =K8+L8 -> 35 | N8: 985 | O8: 0 | P8: =N8+O8 -> 985 | Q8: =B8+E8+H8+K8+N8 -> 6387 | R8: =C8+F8+I8+L8+O8 -> 0 | S8: =Q8+R8 -> 6387
A9: 200 | B9: 1896 | C9: -3 | D9: =B9+C9 -> 1893 | E9: 0 | F9: 0 | G9: =E9+F9 -> 0 | H9: 0 | I9: 3 | J9: =H9+I9 -> 3 | K9: 19 | L9: 0 | M9: =K9+L9 -> 19 | N9: 485 | O9: 0 | P9: =N9+O9 -> 485 | Q9: =B9+E9+H9+K9+N9 -> 2400 | R9: =C9+F9+I9+L9+O9 -> 0 | S9: =Q9+R9 -> 2400
A10: 300 | B10: 11129 | C10: -5 | D10: =B10+C10 -> 11124 | E10: 29 | F10: 0 | G10: =E10+F10 -> 29 | H10: 0 | I10: 5 | J10: =H10+I10 -> 5 | K10: 230 | L10: 0 | M10: =K10+L10 -> 230 | N10: 4409 | O10: 0 | P10: =N10+O10 -> 4409 | Q10: =B10+E10+H10+K10+N10 -> 15797 | R10: =C10+F10+I10+L10+O10 -> 0 | S10: =Q10+R10 -> 15797
A11: 400 | B11: 2841 | C11: -3 | D11: =B11+C11 -> 2838 | E11: 7 | F11: 0 | G11: =E11+F11 -> 7 | H11: 2 | I11: 3 | J11: =H11+I11 -> 5 | K11: 137 | L11: 0 | M11: =K11+L11 -> 137 | N11: 5765 | O11: 0 | P11: =N11+O11 -> 5765 | Q11: =B11+E11+H11+K11+N11 -> 8752 | R11: =C11+F11+I11+L11+O11 -> 0 | S11: =Q11+R11 -> 8752
A12: 500 | B12: 7751 | C12: -2 | D12: =B12+C12 -> 7749 | E12: 2 | F12: 0 | G12: =E12+F12 -> 2 | H12: 0 | I12: 2 | J12: =H12+I12 -> 2 | K12: 79 | L12: 0 | M12: =K12+L12 -> 79 | N12: 1568 | O12: 0 | P12: =N12+O12 -> 1568 | Q12: =B12+E12+H12+K12+N12 -> 9400 | R12: =C12+F12+I12+L12+O12 -> 0 | S12: =Q12+R12 -> 9400
A13: 600 | B13: 3528 | C13: -6 | D13: =B13+C13 -> 3522 | E13: 11 | F13: 0 | G13: =E13+F13 -> 11 | H13: 2 | I13: 6 | J13: =H13+I13 -> 8 | K13: 32 | L13: 0 | M13: =K13+L13 -> 32 | N13: 1018 | O13: 0 | P13: =N13+O13 -> 1018 | Q13: =B13+E13+H13+K13+N13 -> 4591 | R13: =C13+F13+I13+L13+O13 -> 0 | S13: =Q13+R13 -> 4591
A14: 700 | B14: 2064 | C14: -2 | D14: =B14+C14 -> 2062 | E14: 22 | F14: 0 | G14: =E14+F14 -> 22 | H14: 2 | I14: 2 | J14: =H14+I14 -> 4 | K14: 837 | L14: 0 | M14: =K14+L14 -> 837 | N14: 740 | O14: 0 | P14: =N14+O14 -> 740 | Q14: =B14+E14+H14+K14+N14 -> 3665 | R14: =C14+F14+I14+L14+O14 -> 0 | S14: =Q14+R14 -> 3665
A15: 800 | B15: 23980 | C15: -7 | D15: =B15+C15 -> 23973 | E15: 1 | F15: 0 | G15: =E15+F15 -> 1 | H15: 2 | I15: 7 | J15: =H15+I15 -> 9 | K15: 3220 | L15: 0 | M15: =K15+L15 -> 3220 | N15: 25612 | O15: 0 | P15: =N15+O15 -> 25612 | Q15: =B15+E15+H15+K15+N15 -> 52815 | R15: =C15+F15+I15+L15+O15 -> 0 | S15: =Q15+R15 -> 52815
A16: 900 | B16: 5459 | C16: -94 | D16: =B16+C16 -> 5365 | E16: 19 | F16: 0 | G16: =E16+F16 -> 19 | H16: 25 | I16: 94 | J16: =H16+I16 -> 119 | K16: 162 | L16: 0 | M16: =K16+L16 -> 162 | N16: 4675 | O16: 0 | P16: =N16+O16 -> 4675 | Q16: =B16+E16+H16+K16+N16 -> 10340 | R16: =C16+F16+I16+L16+O16 -> 0 | S16: =Q16+R16 -> 10340
A17: 합계 | B17: =SUM(B7:B16) -> 66546 | C17: =SUM(C7:C16) -> -122 | D17: =SUM(D7:D16) -> 66424 | E17: =SUM(E7:E16) -> 91 | F17: =SUM(F7:F16) -> 0 | G17: =SUM(G7:G16) -> 91 | H17: 33 | I17: =SUM(I7:I16) -> 122 | J17: =SUM(J7:J16) -> 155 | K17: =SUM(K7:K16) -> 4770 | L17: =SUM(L7:L16) -> 0 | M17: =SUM(M7:M16) -> 4770 | N17: =SUM(N7:N16) -> 46229 | O17: =SUM(O7:O16) -> 0 | P17: =SUM(P7:P16) -> 46229 | Q17: =SUM(Q7:Q16) -> 117669 | R17: =C17+F17+I17+L17+O17 -> 0 | S17: =IF($R$6="증감",Q17+R17,Q17-R17) -> 117669
A18: 비고 | B18: * 향토자료(U) 통계 수정: 종합자료실 → 향토자료

Sheet 2026년1월
A1: 장 서 현 황
A4: 2026년 1월 29일 현재
A5: 구분 류별 | B5: 종합자료실 | E5: 참 고 실 | H5: 향 토 자 료 | K5: 다문화자료실 | N5: 어린이자료실 | Q5: 합 계
B6: 보유수 | C6: 증감 | D6: 계 | E6: 보유수 | F6: 증감 | G6: 계 | H6: 보유수 | I6: 증감 | J6: 계 | K6: 보유수 | L6: 증감 | M6: 계 | N6: 보유수 | O6: 증감 | P6: 계 | Q6: 보유수 | R6: 증감 | S6: 계
A7: 000 | B7: ='1.29.수정(별치)'!D7 -> 2531 | C7: 0 | D7: =B7+C7 -> 2531 | E7: ='1.29.수정(별치)'!G7 -> 0 | F7: 0 | G7: =E7+F7 -> 0 | H7: ='1.29.수정(별치)'!J7 -> 0 | I7: 0 | J7: =H7+I7 -> 0 | K7: ='1.29.수정(별치)'!M7 -> 19 | L7: 0 | M7: =K7+L7 -> 19 | N7: ='1.29.수정(별치)'!P7 -> 972 | O7: 0 | P7: =N7+O7 -> 972 | Q7: =B7+E7+H7+K7+N7 -> 3522 | R7: =C7+F7+I7+L7+O7 -> 0 | S7: =Q7+R7 -> 3522
A8: 100 | B8: ='1.29.수정(별치)'!D8 -> 5367 | C8: 8 | D8: =B8+C8 -> 5375 | E8: ='1.29.수정(별치)'!G8 -> 0 | F8: 0 | G8: =E8+F8 -> 0 | H8: ='1.29.수정(별치)'!J8 -> 0 | I8: 0 | J8: =H8+I8 -> 0 | K8: ='1.29.수정(별치)'!M8 -> 35 | L8: 0 | M8: =K8+L8 -> 35 | N8: ='1.29.수정(별치)'!P8 -> 985 | O8: 0 | P8: =N8+O8 -> 985 | Q8: =B8+E8+H8+K8+N8 -> 6387 | R8: =C8+F8+I8+L8+O8 -> 8 | S8: =Q8+R8 -> 6395
A9: 200 | B9: ='1.29.수정(별치)'!D9 -> 1893 | C9: 1 | D9: =B9+C9 -> 1894 | E9: ='1.29.수정(별치)'!G9 -> 0 | F9: 0 | G9: =E9+F9 -> 0 | H9: ='1.29.수정(별치)'!J9 -> 3 | I9: 0 | J9: =H9+I9 -> 3 | K9: ='1.29.수정(별치)'!M9 -> 19 | L9: 0 | M9: =K9+L9 -> 19 | N9: ='1.29.수정(별치)'!P9 -> 485 | O9: 0 | P9: =N9+O9 -> 485 | Q9: =B9+E9+H9+K9+N9 -> 2400 | R9: =C9+F9+I9+L9+O9 -> 1 | S9: =Q9+R9 -> 2401
A10: 300 | B10: ='1.29.수정(별치)'!D10 -> 11124 | C10: 14 | D10: =B10+C10 -> 11138 | E10: ='1.29.수정(별치)'!G10 -> 29 | F10: 0 | G10: =E10+F10 -> 29 | H10: ='1.29.수정(별치)'!J10 -> 5 | I10: 0 | J10: =H10+I10 -> 5 | K10: ='1.29.수정(별치)'!M10 -> 230 | L10: 0 | M10: =K10+L10 -> 230 | N10: ='1.29.수정(별치)'!P10 -> 4409 | O10: 1 | P10: =N10+O10 -> 4410 | Q10: =B10+E10+H10+K10+N10 -> 15797 | R10: =C10+F10+I10+L10+O10 -> 15 | S10: =Q10+R10 -> 15812
A11: 400 | B11: ='1.29.수정(별치)'!D11 -> 2838 | C11: 4 | D11: =B11+C11 -> 2842 | E11: ='1.29.수정(별치)'!G11 -> 7 | F11: 0 | G11: =E11+F11 -> 7 | H11: ='1.29.수정(별치)'!J11 -> 5 | I11: 0 | J11: =H11+I11 -> 5 | K11: ='1.29.수정(별치)'!M11 -> 137 | L11: 0 | M11: =K11+L11 -> 137 | N11: ='1.29.수정(별치)'!P11 -> 5765 | O11: 0 | P11: =N11+O11 -> 5765 | Q11: =B11+E11+H11+K11+N11 -> 8752 | R11: =C11+F11+I11+L11+O11 -> 4 | S11: =Q11+R11 -> 8756
A12: 500 | B12: ='1.29.수정(별치)'!D12 -> 7749 | C12: 3 | D12: =B12+C12 -> 7752 | E12: ='1.29.수정(별치)'!G12 -> 2 | F12: 0 | G12: =E12+F12 -> 2 | H12: ='1.29.수정(별치)'!J12 -> 2 | I12: 0 | J12: =H12+I12 -> 2 | K12: ='1.29.수정(별치)'!M12 -> 79 | L12: 0 | M12: =K12+L12 -> 79 | N12: ='1.29.수정(별치)'!P12 -> 1568 | O12: 0 | P12: =N12+O12 -> 1568 | Q12: =B12+E12+H12+K12+N12 -> 9400 | R12: =C12+F12+I12+L12+O12 -> 3 | S12: =Q12+R12 -> 9403
A13: 600 | B13: ='1.29.수정(별치)'!D13 -> 3522 | C13: 2 | D13: =B13+C13 -> 3524 | E13: ='1.29.수정(별치)'!G13 -> 11 | F13: 0 | G13: =E13+F13 -> 11 | H13: ='1.29.수정(별치)'!J13 -> 8 | I13: 0 | J13: =H13+I13 -> 8 | K13: ='1.29.수정(별치)'!M13 -> 32 | L13: 0 | M13: =K13+L13 -> 32 | N13: ='1.29.수정(별치)'!P13 -> 1018 | O13: 1 | P13: =N13+O13 -> 1019 | Q13: =B13+E13+H13+K13+N13 -> 4591 | R13: =C13+F13+I13+L13+O13 -> 3 | S13: =Q13+R13 -> 4594
A14: 700 | B14: ='1.29.수정(별치)'!D14 -> 2062 | C14: 1 | D14: =B14+C14 -> 2063 | E14: ='1.29.수정(별치)'!G14 -> 22 | F14: 0 | G14: =E14+F14 -> 22 | H14: ='1.29.수정(별치)'!J14 -> 4 | I14: 0 | J14: =H14+I14 -> 4 | K14: ='1.29.수정(별치)'!M14 -> 837 | L14: 0 | M14: =K14+L14 -> 837 | N14: ='1.29.수정(별치)'!P14 -> 740 | O14: 0 | P14: =N14+O14 -> 740 | Q14: =B14+E14+H14+K14+N14 -> 3665 | R14: =C14+F14+I14+L14+O14 -> 1 | S14: =Q14+R14 -> 3666
A15: 800 | B15: ='1.29.수정(별치)'!D15 -> 23973 | C15: 17 | D15: =B15+C15 -> 23990 | E15: ='1.29.수정(별치)'!G15 -> 1 | F15: 0 | G15: =E15+F15 -> 1 | H15: ='1.29.수정(별치)'!J15 -> 9 | I15: 0 | J15: =H15+I15 -> 9 | K15: ='1.29.수정(별치)'!M15 -> 3220 | L15: 0 | M15: =K15+L15 -> 3220 | N15: ='1.29.수정(별치)'!P15 -> 25612 | O15: 7 | P15: =N15+O15 -> 25619 | Q15: =B15+E15+H15+K15+N15 -> 52815 | R15: =C15+F15+I15+L15+O15 -> 24 | S15: =Q15+R15 -> 52839
A16: 900 | B16: ='1.29.수정(별치)'!D16 -> 5365 | C16: 1 | D16: =B16+C16 -> 5366 | E16: ='1.29.수정(별치)'!G16 -> 19 | F16: 0 | G16: =E16+F16 -> 19 | H16: ='1.29.수정(별치)'!J16 -> 119 | I16: 0 | J16: =H16+I16 -> 119 | K16: ='1.29.수정(별치)'!M16 -> 162 | L16: 0 | M16: =K16+L16 -> 162 | N16: ='1.29.수정(별치)'!P16 -> 4675 | O16: 0 | P16: =N16+O16 -> 4675 | Q16: =B16+E16+H16+K16+N16 -> 10340 | R16: =C16+F16+I16+L16+O16 -> 1 | S16: =Q16+R16 -> 10341
A17: 합계 | B17: =SUM(B7:B16) -> 66424 | C17: =SUM(C7:C16) -> 51 | D17: =SUM(D7:D16) -> 66475 | E17: =SUM(E7:E16) -> 91 | F17: =SUM(F7:F16) -> 0 | G17: =SUM(G7:G16) -> 91 | H17: =SUM(H7:H16) -> 155 | I17: =SUM(I7:I16) -> 0 | ... Q17: =SUM(Q7:Q16) -> 117669 | R17: =C17+F17+I17+L17+O17 -> 60 | S17: =IF($R$6="증감",Q17+R17,Q17-R17) -> 117729
A18: 비고 | B18: * 1차 희망도서: EM195052-EM195078(27권) * 2차 희망도서: EM195079-EM195111(33권)
